datetime,temperature,humidity,pressure,rain
2026-03-29 15:00:00,30.0,71.3,1001.72906,0.0
2026-03-29 15:10:00,29.9,71.4,1001.71252,0.0
2026-03-29 15:20:00,30.1,71.3,1001.80579,0.0
2026-03-29 15:30:00,30.1,71.5,1001.89734,0.0
2026-03-29 15:40:00,29.9,72.2,1001.92834,0.0
2026-03-29 15:50:00,29.6,73.1,1001.98438,0.0
2026-03-29 16:00:00,29.8,72.8,1002.13922,0.0
2026-03-29 16:10:00,29.6,73.4,1002.09686,0.0
2026-03-29 16:20:00,29.5,73.9,1001.99573,0.0
2026-03-29 16:30:00,29.4,74.5,1002.02075,0.0
2026-03-29 16:40:00,29.3,74.6,1001.87671,0.0
2026-03-29 16:50:00,29.2,75.2,1001.84143,0.0
2026-03-29 17:00:00,29.2,75.1,1001.74719,0.0
2026-03-29 17:10:00,29.1,75.3,1001.6825,0.0
2026-03-29 17:20:00,29.1,75.7,1001.54138,0.0
2026-03-29 17:30:00,29.2,75.5,1001.55298,0.0
2026-03-29 17:40:00,29.2,75.5,1001.49109,0.0
2026-03-29 17:50:00,28.9,76.0,1001.37921,0.0
2026-03-29 18:00:00,29.0,75.6,1001.37811,0.0
2026-03-29 18:10:00,29.0,75.4,1001.40265,0.0
2026-03-29 18:20:00,29.0,75.3,1001.48633,0.0
2026-03-29 18:30:00,29.0,75.3,1001.31079,0.0
2026-03-29 18:40:00,29.0,75.3,1001.20172,0.0
2026-03-29 18:50:00,29.0,75.0,1001.18719,0.0
2026-03-29 19:00:00,28.9,75.0,1001.09204,0.0
2026-03-29 19:10:00,28.9,75.0,1001.04138,0.0
2026-03-29 19:20:00,28.9,74.9,1001.04596,0.0
2026-03-29 19:30:00,28.8,75.0,1001.04706,0.0
2026-03-29 19:40:00,28.8,75.0,1000.98224,0.0
2026-03-29 19:50:00,28.8,74.8,1000.92792,0.0
2026-03-29 20:00:00,28.8,75.0,1000.85767,0.0
2026-03-29 20:10:00,28.7,75.1,1000.8197,0.0
2026-03-29 20:20:00,28.8,75.1,1000.85333,0.0
2026-03-29 20:30:00,28.8,74.9,1000.76361,0.0
2026-03-29 20:40:00,28.7,75.0,1000.76642,0.0
2026-03-29 20:50:00,28.8,75.0,1000.73737,0.0
2026-03-29 21:00:00,28.8,75.0,1000.73383,0.0
2026-03-29 21:10:00,28.8,75.0,1000.66064,0.0
2026-03-29 21:20:00,28.7,75.1,1000.73291,0.0
2026-03-29 21:30:00,28.8,74.9,1000.76312,0.0
2026-03-29 21:40:00,28.6,74.9,1000.80219,0.0
2026-03-29 21:50:00,28.5,75.0,1000.86078,0.0
2026-03-29 22:00:00,28.5,75.0,1000.995,0.0
2026-03-29 22:10:00,28.5,75.2,1001.0603,0.0
2026-03-29 22:20:00,28.4,75.6,1001.21423,0.0
2026-03-29 22:30:00,28.5,75.7,1001.24719,0.0
2026-03-29 22:40:00,28.5,75.7,1001.20984,0.0
2026-03-29 22:50:00,28.4,76.0,1001.29749,0.0
2026-03-29 23:00:00,28.4,76.2,1001.48389,0.0
2026-03-29 23:10:00,28.4,76.0,1001.50781,0.0
2026-03-29 23:20:00,28.3,76.4,1001.58289,0.0
2026-03-29 23:30:00,28.2,76.8,1001.61108,0.0
2026-03-29 23:40:00,28.3,77.0,1001.7879,0.0
2026-03-29 23:50:00,28.3,77.0,1001.89948,0.0
2026-03-30 00:00:00,28.2,77.0,1002.02936,0.0
2026-03-30 00:10:00,28.3,76.8,1002.14197,0.0
2026-03-30 00:20:00,28.3,76.5,1002.41138,0.0
2026-03-30 00:30:00,28.3,76.3,1002.55157,0.0
2026-03-30 00:40:00,28.3,76.2,1002.76477,0.0
2026-03-30 00:50:00,28.4,75.6,1002.98358,0.0
2026-03-30 01:00:00,28.3,75.4,1003.0611,0.0
2026-03-30 01:10:00,28.4,75.2,1003.26483,0.0
2026-03-30 01:20:00,28.5,74.7,1003.42139,0.0
2026-03-30 01:30:00,28.5,73.6,1003.43939,0.0
2026-03-30 01:40:00,28.6,73.3,1003.49561,0.0
2026-03-30 01:50:00,28.6,73.6,1003.57947,0.0
2026-03-30 02:00:00,28.7,73.0,1003.70233,0.0
2026-03-30 02:10:00,28.6,71.9,1003.77795,0.0
2026-03-30 02:20:00,28.6,71.9,1003.62183,0.0
2026-03-30 02:30:00,28.8,71.4,1003.66571,0.0
2026-03-30 02:40:00,28.9,70.7,1003.67279,0.0
2026-03-30 02:50:00,28.9,71.0,1003.65375,0.0
2026-03-30 03:00:00,29.0,71.3,1003.5022,0.0
2026-03-30 03:10:00,29.1,70.1,1003.5517,0.0
2026-03-30 03:20:00,29.2,69.3,1003.53326,0.0
2026-03-30 03:30:00,29.3,68.4,1003.45813,0.0
2026-03-30 03:40:00,29.4,68.4,1003.33081,0.0
2026-03-30 03:50:00,29.4,67.6,1003.26904,0.0
2026-03-30 04:00:00,29.5,66.4,1003.08093,0.0
2026-03-30 04:10:00,29.7,66.2,1002.97662,0.0
2026-03-30 04:20:00,29.8,65.4,1002.86713,0.0
2026-03-30 04:30:00,29.8,65.5,1002.72131,0.0
2026-03-30 04:40:00,29.8,65.9,1002.51501,0.0
2026-03-30 04:50:00,29.9,64.6,1002.37701,0.0
2026-03-30 05:00:00,30.0,65.1,1002.07935,0.0
2026-03-30 05:10:00,30.0,67.0,1002.11493,0.0
2026-03-30 05:20:00,29.9,66.7,1001.74951,0.0
2026-03-30 05:30:00,30.0,66.2,1001.65033,0.0
2026-03-30 05:40:00,30.2,65.7,1001.33545,0.0
2026-03-30 05:50:00,30.1,65.7,1001.14423,0.0
2026-03-30 06:00:00,30.2,65.0,1000.9035,0.0
2026-03-30 06:10:00,30.3,64.9,1000.71094,0.0
2026-03-30 06:20:00,30.3,65.3,1000.5415,0.0
2026-03-30 06:30:00,30.4,64.6,1000.32001,0.0
2026-03-30 06:40:00,30.5,63.9,1000.05768,0.0
2026-03-30 06:50:00,30.5,63.2,1000.00122,0.0
2026-03-30 07:00:00,30.5,64.7,999.83209,0.0
2026-03-30 07:10:00,30.6,63.5,999.72974,0.0
2026-03-30 07:20:00,30.7,63.4,999.58514,0.0
2026-03-30 07:30:00,30.7,63.2,999.60016,0.0
2026-03-30 07:40:00,30.8,63.1,999.44092,0.0
2026-03-30 07:50:00,30.9,62.6,999.39404,0.0
2026-03-30 08:00:00,30.8,62.7,999.29358,0.0
2026-03-30 08:10:00,30.9,62.5,999.1911,0.0
2026-03-30 08:20:00,31.0,62.3,999.06409,0.0
2026-03-30 08:30:00,31.1,63.0,999.20032,0.0
2026-03-30 08:40:00,31.1,63.9,999.14154,0.0
2026-03-30 08:50:00,31.2,64.7,999.01385,0.0
2026-03-30 09:00:00,31.1,65.2,999.05017,0.0
2026-03-30 09:10:00,31.0,65.7,999.10095,0.0
2026-03-30 09:20:00,31.0,65.7,999.09534,0.0
2026-03-30 09:30:00,30.9,65.8,999.29797,0.0
2026-03-30 09:40:00,30.9,65.4,999.29022,0.0
2026-03-30 09:50:00,30.9,64.7,999.6239,0.0
2026-03-30 10:00:00,30.8,64.0,999.66467,0.0
2026-03-30 10:10:00,30.8,63.7,999.72565,0.0
2026-03-30 10:20:00,30.6,63.4,1000.04315,0.0
2026-03-30 10:30:00,30.5,63.4,1000.00861,0.0
2026-03-30 10:40:00,30.4,62.7,999.94104,0.0
2026-03-30 10:50:00,30.4,62.3,999.93188,0.0
2026-03-30 11:00:00,30.3,62.6,1000.16425,0.0
2026-03-30 11:10:00,30.3,63.9,1000.0932,0.0
2026-03-30 11:20:00,30.3,64.9,1000.10718,0.0
2026-03-30 11:30:00,30.3,65.3,1000.21173,0.0
2026-03-30 11:40:00,30.2,65.6,1000.19342,0.0
2026-03-30 11:50:00,30.2,66.6,1000.34998,0.0
2026-03-30 12:00:00,30.2,67.2,1000.51624,0.0
2026-03-30 12:10:00,30.0,67.8,1000.66516,0.0
2026-03-30 12:20:00,30.0,68.1,1000.8208,0.0
2026-03-30 12:30:00,30.0,68.4,1000.86011,0.0
2026-03-30 12:40:00,29.9,68.5,1000.95435,0.0
2026-03-30 12:50:00,29.8,68.8,1001.07013,0.0
2026-03-30 13:00:00,29.8,69.0,1001.23767,0.0
2026-03-30 13:10:00,29.7,69.2,1001.41565,0.0
2026-03-30 13:20:00,29.6,69.6,1001.59839,0.0
2026-03-30 13:30:00,29.6,70.1,1001.63531,0.0
2026-03-30 13:40:00,29.6,69.9,1001.73846,0.0
2026-03-30 13:50:00,29.5,70.2,1001.86823,0.0
2026-03-30 14:00:00,29.5,70.6,1001.97205,0.0
2026-03-30 14:10:00,29.6,70.5,1002.16235,0.0
2026-03-30 14:20:00,29.5,70.7,1002.23627,0.0
2026-03-30 14:30:00,29.4,71.0,1002.32971,0.0
2026-03-30 14:40:00,29.3,71.2,1002.39722,0.0
2026-03-30 14:50:00,29.3,71.1,1002.43329,0.0
2026-03-30 15:00:00,29.2,71.4,1002.52576,0.0
2026-03-30 15:10:00,29.2,71.6,1002.71716,0.0
2026-03-30 15:20:00,29.1,71.9,1002.69281,0.0
2026-03-30 15:30:00,29.1,72.2,1002.72974,0.0
2026-03-30 15:40:00,29.1,72.3,1002.83093,0.0
2026-03-30 15:50:00,29.1,72.3,1002.92029,0.0
2026-03-30 16:00:00,29.0,72.6,1002.95935,0.0
2026-03-30 16:10:00,28.9,72.9,1002.84302,0.0
2026-03-30 16:20:00,29.0,73.0,1002.89087,0.0
2026-03-30 16:30:00,28.9,73.0,1002.8576,0.0
2026-03-30 16:40:00,28.9,73.2,1002.84076,0.0
2026-03-30 16:50:00,28.9,73.3,1002.76373,0.0
2026-03-30 17:00:00,28.9,73.2,1002.77374,0.0
2026-03-30 17:10:00,28.8,73.4,1002.76892,0.0
2026-03-30 17:20:00,28.8,73.7,1002.6897,0.0
2026-03-30 17:30:00,28.9,73.6,1002.58936,0.0
2026-03-30 17:40:00,28.7,73.7,1002.59875,0.0
2026-03-30 17:50:00,28.7,74.0,1002.48297,0.0
2026-03-30 18:00:00,28.8,73.9,1002.36908,0.0
2026-03-30 18:10:00,28.7,74.0,1002.2406,0.0
2026-03-30 18:20:00,28.5,75.1,1002.01343,0.0
2026-03-30 18:30:00,28.4,75.6,1001.97388,0.0
2026-03-30 18:40:00,28.4,75.7,1001.86206,0.0
2026-03-30 18:50:00,28.3,76.0,1001.78375,0.0
2026-03-30 19:00:00,28.3,76.3,1001.67377,0.0
2026-03-30 19:10:00,28.3,76.3,1001.58954,0.0
2026-03-30 19:20:00,28.3,76.5,1001.59515,0.0
2026-03-30 19:30:00,28.2,76.4,1001.46436,0.0
2026-03-30 19:40:00,28.2,75.9,1001.39093,0.0
2026-03-30 19:50:00,28.2,75.9,1001.29236,0.0
2026-03-30 20:00:00,28.1,76.0,1001.23077,0.0
2026-03-30 20:10:00,28.1,75.7,1001.15045,0.0
2026-03-30 20:20:00,28.1,75.6,1001.21893,0.0
2026-03-30 20:30:00,28.1,75.6,1001.16351,0.0
2026-03-30 20:40:00,28.0,75.6,1001.15015,0.0
2026-03-30 20:50:00,28.1,75.6,1001.17017,0.0
2026-03-30 21:00:00,28.0,75.8,1001.14362,0.0
2026-03-30 21:10:00,28.0,75.9,1001.19611,0.0
2026-03-30 21:20:00,28.0,75.8,1001.13159,0.0
2026-03-30 21:30:00,27.9,75.8,1001.18384,0.0
2026-03-30 21:40:00,27.9,76.1,1001.26703,0.0
2026-03-30 21:50:00,27.9,76.1,1001.41498,0.0
2026-03-30 22:00:00,28.0,76.2,1001.52985,0.0
2026-03-30 22:10:00,27.9,76.3,1001.57843,0.0
2026-03-30 22:20:00,27.9,76.4,1001.63782,0.0
2026-03-30 22:30:00,28.0,76.4,1001.71265,0.0
2026-03-30 22:40:00,27.9,76.2,1001.88251,0.0
2026-03-30 22:50:00,28.2,75.9,1002.00702,0.0
2026-03-30 23:00:00,28.3,74.9,1002.19861,0.0
2026-03-30 23:10:00,28.4,74.8,1002.33728,0.0
2026-03-30 23:20:00,28.6,74.4,1002.56885,0.0
2026-03-30 23:30:00,28.8,73.6,1002.72736,0.0
2026-03-30 23:40:00,28.9,73.4,1002.87952,0.0
2026-03-30 23:50:00,28.8,73.4,1002.95837,0.0
2026-03-31 00:00:00,28.8,73.5,1003.14514,0.0
2026-03-31 00:10:00,28.8,73.8,1003.2395,0.0
2026-03-31 00:20:00,28.8,73.6,1003.47156,0.0
2026-03-31 00:30:00,28.8,73.5,1003.72522,0.0
2026-03-31 00:40:00,28.7,73.0,1003.92383,0.0
2026-03-31 00:50:00,28.6,73.1,1004.0556,0.0
2026-03-31 01:00:00,28.6,72.9,1004.26349,0.0
2026-03-31 01:10:00,28.7,72.5,1004.37219,0.0
2026-03-31 01:20:00,28.8,72.0,1004.45844,0.0
2026-03-31 01:30:00,28.8,71.4,1004.58203,0.0
2026-03-31 01:40:00,28.8,71.1,1004.59125,0.0
2026-03-31 01:50:00,28.9,70.6,1004.59076,0.0
2026-03-31 02:00:00,28.8,70.3,1004.55237,0.0
2026-03-31 02:10:00,28.8,70.1,1004.5097,0.0
2026-03-31 02:20:00,28.9,69.2,1004.47461,0.0
2026-03-31 02:30:00,28.8,68.9,1004.39221,0.0
2026-03-31 02:40:00,28.9,68.3,1004.20538,0.0
2026-03-31 02:50:00,28.9,68.4,1004.18561,0.0
2026-03-31 03:00:00,29.0,68.1,1004.04065,0.0
2026-03-31 03:10:00,29.1,67.4,1003.92181,0.0
2026-03-31 03:20:00,29.2,66.8,1003.94391,0.0
2026-03-31 03:30:00,29.2,66.4,1003.92639,0.0
2026-03-31 03:40:00,29.4,66.1,1003.96393,0.0
2026-03-31 03:50:00,29.4,66.0,1003.84784,0.0
2026-03-31 04:00:00,29.4,65.7,1003.61298,0.0
2026-03-31 04:10:00,29.5,66.1,1003.45361,0.0
2026-03-31 04:20:00,29.6,64.8,1003.40198,0.0
2026-03-31 04:30:00,29.7,64.5,1003.27734,0.0
2026-03-31 04:40:00,29.5,63.2,1003.18842,0.0
2026-03-31 04:50:00,29.7,62.6,1003.01624,0.0
2026-03-31 05:00:00,29.7,61.9,1002.89294,0.0
2026-03-31 05:10:00,29.7,60.8,1002.74237,0.0
2026-03-31 05:20:00,29.7,59.5,1002.44531,0.0
2026-03-31 05:30:00,29.9,60.2,1002.14978,0.0
2026-03-31 05:40:00,30.0,58.7,1002.07404,0.0
2026-03-31 05:50:00,29.9,57.4,1001.79694,0.0
2026-03-31 06:00:00,30.1,56.8,1001.6004,0.0
2026-03-31 06:10:00,30.3,59.2,1001.41064,0.0
2026-03-31 06:20:00,30.4,60.0,1001.1582,0.0
2026-03-31 06:30:00,30.5,60.0,1000.97284,1.0
2026-03-31 06:40:00,30.6,59.6,1000.87671,0.0
2026-03-31 06:50:00,30.8,59.5,1000.69971,0.0
2026-03-31 07:00:00,30.8,60.8,1000.36859,0.0
2026-03-31 07:10:00,30.8,60.1,1000.22815,0.0
2026-03-31 07:20:00,30.7,63.4,999.58514,0.0
2026-03-31 07:30:00,30.7,63.2,999.60016,0.0
2026-03-31 07:40:00,30.8,63.1,999.44092,0.0
2026-03-31 07:50:00,30.9,62.6,999.39404,0.0
2026-03-31 08:00:00,30.8,62.7,999.29358,0.0
2026-03-31 08:10:00,30.9,62.5,999.1911,0.0
2026-03-31 08:20:00,31.0,62.3,999.06409,0.0
2026-03-31 08:30:00,31.1,63.0,999.20032,0.0
2026-03-31 08:40:00,31.1,63.9,999.14154,0.0
2026-03-31 08:50:00,31.2,64.7,999.01385,0.0
2026-03-31 09:00:00,31.1,65.2,999.05017,0.0
2026-03-31 09:10:00,31.0,65.7,999.10095,0.0
2026-03-31 09:20:00,31.0,65.7,999.09534,0.0
2026-03-31 09:30:00,30.9,65.8,999.29797,0.0
2026-03-31 09:40:00,30.9,65.4,999.29022,0.0
2026-03-31 09:50:00,30.9,64.7,999.6239,0.0
2026-03-31 10:00:00,30.8,64.0,999.66467,0.0
2026-03-31 10:10:00,30.8,63.7,999.72565,0.0
2026-03-31 10:20:00,30.6,63.4,1000.04315,0.0
2026-03-31 10:30:00,30.5,63.4,1000.00861,0.0
2026-03-31 10:40:00,30.4,62.7,999.94104,0.0
2026-03-31 10:50:00,31.0,65.8,999.55029,0.0
2026-03-31 11:00:00,31.0,65.1,999.67303,0.0
2026-03-31 11:10:00,30.9,64.5,999.76654,0.0
2026-03-31 11:20:00,30.8,64.6,999.8042,0.0
2026-03-31 11:30:00,30.2,65.5,999.8819,0.0
2026-03-31 11:40:00,29.9,63.7,1000.08685,0.0
2026-03-31 11:50:00,29.7,63.6,1000.04047,0.0
2026-03-31 12:00:00,29.8,65.3,1000.25372,0.0
2026-03-31 12:10:00,29.7,66.3,1000.34705,0.0
2026-03-31 12:20:00,29.7,67.1,1000.43439,0.0
2026-03-31 12:30:00,29.8,68.0,1000.53412,0.0
2026-03-31 12:40:00,29.8,69.2,1000.63727,0.0
2026-03-31 12:50:00,29.8,68.4,1000.51422,0.0
2026-03-31 13:00:00,29.6,69.1,1000.70282,0.0
2026-03-31 13:10:00,29.5,69.9,1000.72125,0.0
2026-03-31 13:20:00,29.6,70.4,1000.84393,0.0
2026-03-31 13:30:00,29.4,70.9,1001.08392,0.0
2026-03-31 13:40:00,29.4,71.0,1001.09967,0.0
2026-03-31 13:50:00,29.3,71.3,1001.16302,0.0
2026-03-31 14:00:00,29.2,72.0,1001.21405,0.0
2026-03-31 14:10:00,29.2,72.2,1001.28302,0.0
2026-03-31 14:20:00,29.0,72.4,1001.50409,0.0
2026-03-31 14:30:00,29.0,72.8,1001.64612,0.0
2026-03-31 14:40:00,29.0,73.0,1001.84357,0.0
2026-03-31 14:50:00,29.2,72.1,1001.94843,0.0
2026-03-31 15:00:00,29.0,73.7,1002.01611,0.0
2026-03-31 15:10:00,29.1,72.9,1002.03186,0.0
2026-03-31 15:20:00,29.2,72.7,1002.19061,0.0
2026-03-31 15:30:00,29.2,72.7,1002.19299,0.0
2026-03-31 15:40:00,29.0,73.0,1002.1593,0.0
2026-03-31 15:50:00,29.0,73.2,1002.15314,0.0
2026-03-31 16:00:00,28.7,74.5,1002.15149,0.0
2026-03-31 16:10:00,28.7,74.8,1002.0567,0.0
2026-03-31 16:20:00,28.5,75.3,1002.11658,0.0
2026-03-31 16:30:00,28.4,75.4,1001.98138,0.0
2026-03-31 16:40:00,28.5,75.1,1001.94446,0.0
2026-03-31 16:50:00,28.6,74.8,1001.83069,0.0
2026-03-31 17:00:00,28.6,74.9,1001.82288,0.0
2026-03-31 17:10:00,28.6,75.0,1001.81201,0.0
2026-03-31 17:20:00,28.6,75.2,1001.75201,0.0
2026-03-31 17:30:00,28.3,75.6,1001.64752,0.0
2026-03-31 17:40:00,28.1,76.5,1001.52203,0.0
2026-03-31 17:50:00,28.4,75.7,1001.3631,0.0
2026-03-31 18:00:00,28.4,75.7,1001.32922,0.0
2026-03-31 18:10:00,28.2,76.8,1001.29083,0.0
2026-03-31 18:20:00,28.3,76.2,1001.12439,0.0
2026-03-31 18:30:00,28.3,76.1,1001.01935,0.0
2026-03-31 18:40:00,28.3,76.1,1001.02924,0.0
2026-03-31 18:50:00,28.4,75.9,1001.09509,0.0
2026-03-31 19:00:00,28.3,75.9,1001.05463,0.0
2026-03-31 19:10:00,28.3,76.0,1001.06696,0.0
2026-03-31 19:20:00,28.3,76.0,1001.06311,0.0
2026-03-31 19:30:00,28.3,75.9,1001.05859,0.0
2026-03-31 19:40:00,28.3,76.0,1001.02393,0.0
2026-03-31 19:50:00,28.2,76.2,1001.04663,0.0
2026-03-31 20:00:00,28.2,76.1,1000.97382,0.0
2026-03-31 20:10:00,28.2,76.2,1000.9292,0.0
2026-03-31 20:20:00,28.2,76.3,1001.03107,0.0
2026-03-31 20:30:00,28.1,75.5,1001.06158,0.0
2026-03-31 20:40:00,28.0,76.6,1000.9953,0.0
2026-03-31 20:50:00,28.1,76.7,1000.97717,0.0
2026-03-31 21:00:00,28.2,76.5,1001.18481,0.0
2026-03-31 21:10:00,28.2,76.4,1001.1767,0.0
2026-03-31 21:20:00,28.2,76.3,1001.17169,0.0
2026-03-31 21:30:00,28.2,76.2,1001.26971,0.0
2026-03-31 21:40:00,28.1,76.1,1001.31311,0.0
2026-03-31 21:50:00,28.1,76.2,1001.51013,0.0
2026-03-31 22:00:00,28.0,76.3,1001.63232,0.0
2026-03-31 22:10:00,28.0,76.5,1001.60956,0.0
2026-03-31 22:20:00,28.0,76.5,1001.64502,0.0
2026-03-31 22:30:00,28.0,76.7,1001.82452,0.0
2026-03-31 22:40:00,28.0,76.6,1001.78381,0.0
2026-03-31 22:50:00,28.1,76.7,1001.93359,0.0
2026-03-31 23:00:00,28.2,76.7,1002.07666,0.0
2026-03-31 23:10:00,28.3,76.3,1002.18481,0.0
2026-03-31 23:20:00,28.2,75.8,1002.22174,0.0
2026-03-31 23:30:00,28.1,76.3,1002.36597,0.0
2026-03-31 23:40:00,28.0,76.7,1002.53595,0.0
2026-03-31 23:50:00,28.0,76.2,1002.76764,0.0
2026-04-01 00:00:00,28.1,76.2,1002.96124,0.0
2026-04-01 00:10:00,28.3,76.0,1003.09515,0.0
2026-04-01 00:20:00,28.4,76.1,1003.24213,0.0
2026-04-01 00:30:00,28.3,75.3,1003.28625,0.0
2026-04-01 00:40:00,28.1,75.2,1003.53772,0.0
2026-04-01 00:50:00,28.0,74.7,1003.66046,0.0
2026-04-01 01:00:00,28.0,74.6,1003.7782,0.0
2026-04-01 01:10:00,28.0,74.0,1003.76953,0.0
2026-04-01 01:20:00,28.1,74.0,1003.95093,0.0
2026-04-01 01:30:00,28.1,73.1,1004.07593,0.0
2026-04-01 01:40:00,28.2,72.8,1004.07501,0.0
2026-04-01 01:50:00,28.3,71.4,1004.21124,0.0
2026-04-01 02:00:00,28.3,70.8,1004.20013,0.0
2026-04-01 02:10:00,28.4,70.0,1004.20581,0.0
2026-04-01 02:20:00,28.5,69.5,1004.20612,0.0
2026-04-01 02:30:00,28.6,69.2,1004.22021,0.0
2026-04-01 02:40:00,28.7,68.2,1004.20825,0.0
2026-04-01 02:50:00,28.8,66.9,1004.12286,0.0
2026-04-01 03:00:00,28.8,67.1,1004.01428,0.0
2026-04-01 03:10:00,29.0,67.2,1003.89014,0.0
2026-04-01 03:20:00,29.1,66.7,1003.88831,0.0
2026-04-01 03:30:00,29.2,65.5,1003.77429,0.0
2026-04-01 03:40:00,29.2,65.4,1003.59088,0.0
2026-04-01 03:50:00,29.2,65.2,1003.51752,0.0
2026-04-01 04:00:00,29.3,64.0,1003.33655,0.0
2026-04-01 04:10:00,29.4,64.4,1003.16547,0.0
2026-04-01 04:20:00,29.7,63.7,1002.99811,0.0
2026-04-01 04:30:00,29.7,63.1,1002.91815,0.0
2026-04-01 04:40:00,29.6,62.9,1002.77057,0.0
2026-04-01 04:50:00,30.0,61.4,1002.42737,0.0
2026-04-01 05:00:00,30.0,61.2,1002.26898,0.0
2026-04-01 05:10:00,30.0,60.9,1002.10126,0.0
2026-04-01 05:20:00,29.9,61.8,1001.77252,0.0
2026-04-01 05:30:00,29.9,61.4,1001.65881,0.0
2026-04-01 05:40:00,30.2,61.0,1001.40643,0.0
2026-04-01 05:50:00,30.1,61.7,1001.15826,0.0
2026-04-01 06:00:00,30.5,60.6,1000.90204,0.0
2026-04-01 06:10:00,30.3,61.9,1000.76935,0.0
2026-04-01 06:20:00,30.5,61.8,1000.39343,0.0
2026-04-01 06:30:00,30.5,62.2,1000.28174,0.0
2026-04-01 06:40:00,30.5,61.9,1000.12024,0.0
2026-04-01 06:50:00,30.6,61.5,999.84467,0.0
2026-04-01 07:00:00,30.7,61.4,999.70544,0.0
2026-04-01 07:10:00,30.8,61.1,999.4129,0.0
2026-04-01 07:20:00,30.9,60.9,999.31873,0.0
2026-04-01 07:30:00,30.8,61.5,999.36206,0.0
2026-04-01 07:40:00,30.9,61.7,999.25592,0.0
2026-04-01 07:50:00,30.9,61.7,999.06952,0.0
2026-04-01 08:00:00,31.0,61.9,998.91125,0.0
2026-04-01 08:10:00,31.1,62.2,998.83502,0.0
2026-04-01 08:20:00,31.1,62.6,998.80859,0.0
2026-04-01 08:30:00,31.0,63.1,998.83771,0.0
2026-04-01 08:40:00,30.9,63.2,998.76984,0.0
2026-04-01 08:50:00,30.9,63.0,998.86346,0.0
2026-04-01 09:00:00,31.0,62.9,998.81982,0.0
2026-04-01 09:10:00,31.0,62.6,998.61029,0.0
2026-04-01 09:20:00,31.0,62.8,998.74976,0.0
2026-04-01 09:30:00,31.1,62.9,998.78345,0.0
2026-04-01 09:40:00,31.0,63.2,998.84369,0.0
2026-04-01 09:50:00,31.0,63.4,998.93646,0.0
2026-04-01 10:00:00,31.0,63.4,998.85669,0.0
2026-04-01 10:10:00,31.0,62.5,999.1308,0.0
2026-04-01 10:20:00,30.8,61.7,999.26514,0.0
2026-04-01 10:30:00,30.8,61.5,999.26953,0.0
2026-04-01 10:40:00,30.8,60.8,999.54138,0.0
2026-04-01 10:50:00,30.7,61.3,999.54663,0.0
2026-04-01 11:00:00,30.6,61.5,999.69214,0.0
2026-04-01 11:10:00,30.5,61.7,999.77795,0.0
2026-04-01 11:20:00,30.4,61.0,999.78827,0.0
2026-04-01 11:30:00,30.3,61.8,999.93329,0.0
2026-04-01 11:40:00,30.3,63.4,1000.13025,0.0
2026-04-01 11:50:00,30.2,64.1,1000.42377,0.0
2026-04-01 12:00:00,30.0,65.2,1000.53076,0.0
2026-04-01 12:10:00,30.0,66.2,1000.78345,0.0
2026-04-01 12:20:00,29.9,67.2,1000.79828,0.0
2026-04-01 12:30:00,29.9,67.7,1001.00562,0.0
2026-04-01 12:40:00,30.0,67.7,1001.05865,0.0
2026-04-01 12:50:00,29.9,68.4,1001.25391,0.0
2026-04-01 13:00:00,29.9,68.9,1001.23334,0.0
2026-04-01 13:10:00,29.8,69.2,1001.42889,0.0
2026-04-01 13:20:00,29.8,69.5,1001.53357,0.0
2026-04-01 13:30:00,29.7,69.8,1001.59497,0.0
2026-04-01 13:40:00,29.6,70.0,1001.80322,0.0
2026-04-01 13:50:00,29.3,71.8,1001.84705,0.0
2026-04-01 14:00:00,29.2,72.3,1001.90253,0.0
2026-04-01 14:10:00,29.2,72.4,1002.08948,0.0
2026-04-01 14:20:00,29.1,72.7,1002.24109,0.0
2026-04-01 14:30:00,29.1,73.0,1002.33905,0.0
2026-04-01 14:40:00,29.1,73.4,1002.52075,0.0
2026-04-01 14:50:00,29.1,73.3,1002.69,0.0
2026-04-01 15:00:00,29.3,72.6,1002.80237,0.0
2026-04-01 15:10:00,29.3,72.6,1002.76001,0.0
2026-04-01 15:20:00,29.1,74.1,1002.89783,0.0
2026-04-01 15:30:00,29.0,74.1,1002.95453,0.0
2026-04-01 15:40:00,28.9,74.4,1002.84595,0.0
2026-04-01 15:50:00,29.0,74.2,1002.78906,0.0
2026-04-01 16:00:00,28.9,74.3,1002.79565,0.0
2026-04-01 16:10:00,28.7,74.7,1002.70532,0.0
2026-04-01 16:20:00,28.7,74.9,1002.62897,0.0
2026-04-01 16:30:00,28.6,75.3,1002.59155,0.0
2026-04-01 16:40:00,28.7,75.1,1002.55389,0.0
2026-04-01 16:50:00,28.7,74.9,1002.52563,0.0
2026-04-01 17:00:00,28.7,75.1,1002.41797,0.0
2026-04-01 17:10:00,28.6,75.2,1002.32562,0.0
2026-04-01 17:20:00,28.6,75.1,1002.22095,0.0
2026-04-01 17:30:00,28.6,75.2,1002.22925,0.0
2026-04-01 17:40:00,28.7,74.8,1002.14862,0.0
2026-04-01 17:50:00,28.8,74.4,1002.15704,0.0
2026-04-01 18:00:00,28.7,74.4,1002.07343,0.0
2026-04-01 18:10:00,28.7,74.5,1002.04388,0.0
2026-04-01 18:20:00,28.7,74.2,1001.98297,0.0
2026-04-01 18:30:00,28.6,74.1,1001.78107,0.0
2026-04-01 18:40:00,28.6,74.1,1001.76685,0.0
2026-04-01 18:50:00,28.6,73.9,1001.71521,0.0
2026-04-01 19:00:00,28.6,74.2,1001.77271,0.0
2026-04-01 19:10:00,28.6,74.1,1001.65594,0.0
2026-04-01 19:20:00,28.6,74.2,1001.63123,0.0
2026-04-01 19:30:00,28.5,74.5,1001.57526,0.0
2026-04-01 19:40:00,28.5,74.3,1001.57153,0.0
2026-04-01 19:50:00,28.5,74.3,1001.54596,0.0
2026-04-01 20:00:00,28.5,74.5,1001.56616,0.0
2026-04-01 20:10:00,28.5,74.6,1001.59979,0.0
2026-04-01 20:20:00,28.4,74.7,1001.62,0.0
2026-04-01 20:30:00,28.4,74.8,1001.62384,0.0
2026-04-01 20:40:00,28.4,74.8,1001.64252,0.0
2026-04-01 20:50:00,28.4,74.9,1001.81482,0.0
2026-04-01 21:00:00,28.4,75.0,1001.83875,0.0
2026-04-01 21:10:00,28.4,74.9,1001.81982,0.0
2026-04-01 21:20:00,28.4,75.0,1001.85858,0.0
2026-04-01 21:30:00,28.5,74.8,1001.86127,0.0
2026-04-01 21:40:00,28.6,74.7,1001.98279,0.0
2026-04-01 21:50:00,28.5,74.6,1001.9942,0.0
2026-04-01 22:00:00,28.6,74.5,1001.85828,0.0
2026-04-01 22:10:00,28.5,74.6,1001.96204,0.0
2026-04-01 22:20:00,28.4,74.9,1001.98889,0.0
2026-04-01 22:30:00,28.3,75.3,1001.99518,0.0
2026-04-01 22:40:00,28.1,75.6,1002.09955,0.0
2026-04-01 22:50:00,28.1,76.0,1002.15735,0.0
2026-04-01 23:00:00,28.2,76.0,1002.27435,0.0
2026-04-01 23:10:00,28.3,76.1,1002.36774,0.0
2026-04-01 23:20:00,28.4,75.8,1002.59393,0.0
2026-04-01 23:30:00,28.4,75.8,1002.71405,0.0
2026-04-01 23:40:00,28.4,75.8,1002.87964,0.0
2026-04-01 23:50:00,28.4,75.9,1003.12244,0.0
2026-04-02 00:00:00,28.7,74.7,1003.30219,0.0
2026-04-02 00:10:00,28.6,74.4,1003.44702,0.0
2026-04-02 00:20:00,28.4,74.5,1003.58734,0.0
2026-04-02 00:30:00,28.4,74.6,1003.7218,0.0
2026-04-02 00:40:00,28.4,74.3,1003.91638,0.0
2026-04-02 00:50:00,28.4,74.5,1004.0556,0.0
2026-04-02 01:00:00,28.4,74.3,1004.16626,0.0
2026-04-02 01:10:00,28.5,73.1,1004.22388,0.0
2026-04-02 01:20:00,28.5,72.2,1004.28815,0.0
2026-04-02 01:30:00,28.5,71.9,1004.3446,0.0
2026-04-02 01:40:00,28.5,71.4,1004.40955,0.0
2026-04-02 01:50:00,28.6,70.9,1004.49438,0.0
2026-04-02 02:00:00,28.6,70.9,1004.49487,0.0
2026-04-02 02:10:00,28.7,70.7,1004.4455,0.0
2026-04-02 02:20:00,28.7,70.3,1004.3783,0.0
2026-04-02 02:30:00,28.8,70.0,1004.31818,0.0
2026-04-02 02:40:00,29.0,69.0,1004.33502,0.0
2026-04-02 02:50:00,29.1,68.2,1004.25647,0.0
2026-04-02 03:00:00,29.0,66.7,1004.34717,0.0
2026-04-02 03:10:00,29.1,65.8,1004.25171,0.0
2026-04-02 03:20:00,29.2,66.0,1004.30609,0.0
2026-04-02 03:30:00,29.3,65.9,1004.13794,0.0
2026-04-02 03:40:00,29.4,65.5,1004.11975,0.0
2026-04-02 03:50:00,29.5,64.7,1003.99017,0.0
2026-04-02 04:00:00,29.5,64.5,1003.77264,0.0
2026-04-02 04:10:00,29.6,64.4,1003.72986,0.0
2026-04-02 04:20:00,29.6,63.8,1003.5564,0.0
2026-04-02 04:30:00,29.7,63.5,1003.36987,0.0
2026-04-02 04:40:00,29.8,62.6,1003.17517,0.0
2026-04-02 04:50:00,29.9,61.9,1002.9068,0.0
2026-04-02 05:00:00,29.9,62.3,1002.68042,0.0
2026-04-02 05:10:00,30.1,61.9,1002.43909,0.0
2026-04-02 05:20:00,30.1,60.9,1002.39185,0.0
2026-04-02 05:30:00,30.1,61.0,1002.0824,0.0
2026-04-02 05:40:00,30.3,60.3,1001.77563,0.0
2026-04-02 05:50:00,30.4,59.9,1001.63953,0.0
2026-04-02 06:00:00,30.4,60.0,1001.35693,0.0
2026-04-02 06:10:00,30.6,59.6,1001.28876,0.0
2026-04-02 06:20:00,30.7,59.3,1001.06201,0.0
2026-04-02 06:30:00,30.6,59.8,1000.86517,0.0
2026-04-02 06:40:00,30.6,61.0,1000.64734,0.0
2026-04-02 06:50:00,30.7,62.7,1000.3728,0.0
2026-04-02 07:00:00,30.7,63.4,1000.24487,0.0
2026-04-02 07:10:00,30.7,63.4,1000.12231,0.0
2026-04-02 07:20:00,30.8,63.6,1000.05829,0.0
2026-04-02 07:30:00,30.8,63.8,999.83093,0.0
2026-04-02 07:40:00,30.8,64.1,999.83704,0.0
2026-04-02 07:50:00,30.8,63.7,999.43549,0.0
2026-04-02 08:00:00,30.9,63.7,999.67529,0.0
2026-04-02 08:10:00,30.9,63.5,999.62921,0.0
2026-04-02 08:20:00,31.0,63.4,999.56281,0.0
2026-04-02 08:30:00,31.1,63.1,999.50232,0.0
2026-04-02 08:40:00,31.1,63.4,999.45923,0.0
2026-04-02 08:50:00,31.1,63.4,999.51312,0.0
2026-04-02 09:00:00,31.1,63.7,999.48364,0.0
2026-04-02 09:10:00,31.0,63.6,999.55865,0.0
2026-04-02 09:20:00,31.0,63.5,999.62689,0.0
2026-04-02 09:30:00,31.1,63.5,999.63281,0.0
2026-04-02 09:40:00,31.0,63.6,999.63654,0.0
2026-04-02 09:50:00,30.9,63.8,999.67847,0.0
2026-04-02 10:00:00,30.9,63.8,999.80017,0.0
2026-04-02 10:10:00,30.9,64.2,999.81592,0.0
2026-04-02 10:20:00,30.8,64.2,999.89331,0.0
2026-04-02 10:30:00,30.8,64.7,1000.03815,0.0
2026-04-02 10:40:00,30.7,64.9,1000.08978,0.0
2026-04-02 10:50:00,30.6,65.0,1000.26422,0.0
2026-04-02 11:00:00,30.6,65.3,1000.34705,0.0
2026-04-02 11:10:00,30.6,65.3,1000.41357,0.0
2026-04-02 11:20:00,30.5,65.3,1000.61365,0.0
2026-04-02 11:30:00,30.5,65.6,1000.68768,0.0
2026-04-02 11:40:00,30.4,64.5,1000.7644,0.0
2026-04-02 11:50:00,30.4,63.6,1000.84033,0.0
2026-04-02 12:00:00,30.2,63.6,1001.01874,0.0
2026-04-02 12:10:00,30.2,64.0,1001.09491,0.0
2026-04-02 12:20:00,30.1,64.6,1001.42438,0.0
2026-04-02 12:30:00,29.7,67.2,1001.57318,0.0
2026-04-02 12:40:00,29.7,67.0,1001.70172,0.0
2026-04-02 12:50:00,29.8,67.4,1001.86469,0.0
2026-04-02 13:00:00,29.9,67.3,1001.98596,0.0
2026-04-02 13:10:00,29.9,67.2,1002.16327,0.0
2026-04-02 13:20:00,29.7,66.6,1002.2724,0.0
2026-04-02 13:30:00,29.6,66.8,1002.41846,0.0
2026-04-02 13:40:00,29.5,67.5,1002.46173,0.0
2026-04-02 13:50:00,29.5,68.0,1002.62659,0.0
2026-04-02 14:00:00,29.5,68.0,1002.54736,0.0
2026-04-02 14:10:00,29.4,68.5,1002.53217,0.0
2026-04-02 14:20:00,29.6,67.8,1002.73315,0.0
2026-04-02 14:30:00,29.5,67.9,1002.74713,0.0
2026-04-02 14:40:00,29.4,68.0,1002.88696,0.0
2026-04-02 14:50:00,29.4,68.1,1002.94678,0.0
2026-04-02 15:00:00,29.4,68.3,1003.01642,0.0
2026-04-02 15:10:00,29.4,68.4,1003.04419,0.0
2026-04-02 15:20:00,29.3,68.6,1003.01367,0.0
2026-04-02 15:30:00,29.3,68.3,1003.02588,0.0
2026-04-02 15:40:00,29.2,68.4,1002.98944,0.0
2026-04-02 15:50:00,29.1,68.4,1002.82062,0.0
2026-04-02 16:00:00,29.1,68.4,1002.85577,0.0
2026-04-02 16:10:00,29.1,68.4,1002.62335,0.0
2026-04-02 16:20:00,29.1,68.3,1002.61487,0.0
2026-04-02 16:30:00,29.0,68.3,1002.60944,0.0
2026-04-02 16:40:00,29.0,68.3,1002.57452,0.0
2026-04-02 16:50:00,28.9,68.3,1002.42017,0.0
2026-04-02 17:00:00,28.9,68.2,1002.30029,0.0
2026-04-02 17:10:00,28.9,68.3,1002.10864,0.0
2026-04-02 17:20:00,28.8,68.4,1001.91235,0.0
2026-04-02 17:30:00,28.8,68.5,1001.71997,0.0
2026-04-02 17:40:00,28.7,68.8,1001.70563,0.0
2026-04-02 17:50:00,28.7,68.8,1001.68982,0.0
2026-04-02 18:00:00,28.7,68.8,1001.57764,0.0
2026-04-02 18:10:00,28.8,68.9,1001.42291,0.0
2026-04-02 18:20:00,28.8,68.9,1001.34717,0.0
2026-04-02 18:30:00,28.7,69.1,1001.31311,0.0
2026-04-02 18:40:00,28.7,69.2,1001.2951,0.0
2026-04-02 18:50:00,28.7,69.2,1001.35529,0.0
2026-04-02 19:00:00,28.6,69.3,1001.3421,0.0
2026-04-02 19:10:00,28.6,69.4,1001.29358,0.0
2026-04-02 19:20:00,28.6,69.6,1001.28925,0.0
2026-04-02 19:30:00,28.6,69.7,1001.14032,0.0
2026-04-02 19:40:00,28.6,69.7,1001.03033,0.0
2026-04-02 19:50:00,28.6,69.7,1000.99139,0.0
2026-04-02 20:00:00,28.5,69.7,1000.98608,0.0
2026-04-02 20:10:00,28.5,69.8,1000.98523,0.0
2026-04-02 20:20:00,28.5,70.0,1001.05884,0.0
2026-04-02 20:30:00,28.5,70.2,1001.18237,0.0
2026-04-02 20:40:00,28.5,70.5,1001.14984,0.0
2026-04-02 20:50:00,28.4,70.7,1001.29688,0.0
2026-04-02 21:00:00,28.4,70.7,1001.29517,0.0
2026-04-02 21:10:00,28.3,70.8,1001.30267,0.0
2026-04-02 21:20:00,28.3,70.8,1001.25366,0.0
2026-04-02 21:30:00,28.3,70.9,1001.29236,0.0
2026-04-02 21:40:00,28.2,71.1,1001.31586,0.0
2026-04-02 21:50:00,28.1,71.1,1001.41235,0.0
2026-04-02 22:00:00,28.1,71.1,1001.4931,0.0
2026-04-02 22:10:00,28.1,71.1,1001.43939,0.0
2026-04-02 22:20:00,28.0,71.3,1001.45172,0.0
2026-04-02 22:30:00,28.0,71.3,1001.64764,0.0
2026-04-02 22:40:00,28.0,71.4,1001.7876,0.0
2026-04-02 22:50:00,27.9,71.6,1001.95923,0.0
2026-04-02 23:00:00,27.9,71.7,1002.07922,0.0
2026-04-02 23:10:00,27.9,71.7,1002.20581,0.0
2026-04-02 23:20:00,27.9,71.7,1002.29987,0.0
2026-04-02 23:30:00,27.9,71.8,1002.46039,0.0
2026-04-02 23:40:00,27.9,71.9,1002.56079,0.0
2026-04-02 23:50:00,27.9,72.0,1002.4696,0.0
2026-04-03 00:00:00,27.9,72.0,1002.56232,0.0
2026-04-03 00:10:00,28.0,72.1,1002.68024,0.0
2026-04-03 00:20:00,28.0,71.7,1002.74249,0.0
2026-04-03 00:30:00,27.9,71.7,1002.95685,0.0
2026-04-03 00:40:00,27.9,71.7,1002.97827,0.0
2026-04-03 00:50:00,28.0,71.3,1003.24591,0.0
2026-04-03 01:00:00,28.0,71.1,1003.43469,0.0
2026-04-03 01:10:00,28.1,70.8,1003.4325,0.0
2026-04-03 01:20:00,28.1,70.7,1003.55963,0.0
2026-04-03 01:30:00,28.1,70.5,1003.78326,0.0
2026-04-03 01:40:00,28.2,70.2,1003.73346,0.0
2026-04-03 01:50:00,28.2,70.0,1003.71844,0.0
2026-04-03 02:00:00,28.3,70.1,1003.72491,0.0
2026-04-03 02:10:00,28.4,70.0,1003.55499,0.0
2026-04-03 02:20:00,28.5,69.2,1003.58868,0.0
2026-04-03 02:30:00,28.7,68.2,1003.57721,0.0
2026-04-03 02:40:00,28.9,68.0,1003.53986,0.0
2026-04-03 02:50:00,29.0,67.4,1003.34235,0.0
2026-04-03 03:00:00,29.0,67.4,1003.20154,0.0
2026-04-03 03:10:00,29.0,65.7,1003.3175,0.0
2026-04-03 03:20:00,29.0,65.8,1003.19452,0.0
2026-04-03 03:30:00,29.0,65.7,1002.9375,0.0
2026-04-03 03:40:00,29.1,64.1,1002.79297,0.0
2026-04-03 03:50:00,29.1,64.1,1002.68561,0.0
2026-04-03 04:00:00,29.2,63.9,1002.50745,0.0
2026-04-03 04:10:00,29.2,62.8,1002.40826,0.0
2026-04-03 04:20:00,29.3,62.6,1002.19806,0.0
2026-04-03 04:30:00,29.4,61.9,1001.98859,0.0
2026-04-03 04:40:00,29.4,61.7,1001.78485,0.0
2026-04-03 04:50:00,29.5,61.3,1001.57123,0.0
2026-04-03 05:00:00,29.6,61.0,1001.39648,0.0
2026-04-03 05:10:00,29.6,61.0,1001.21698,0.0
2026-04-03 05:20:00,29.7,60.8,1000.92169,0.0
2026-04-03 05:30:00,29.8,60.7,1000.83624,0.0
2026-04-03 05:40:00,29.9,60.5,1000.68768,0.0
2026-04-03 05:50:00,29.9,60.5,1000.5144,0.0
2026-04-03 06:00:00,30.0,60.8,1000.29907,0.0
2026-04-03 06:10:00,30.0,60.7,1000.06079,0.0
2026-04-03 06:20:00,30.0,61.2,1000.13721,0.0
2026-04-03 06:30:00,30.0,61.2,999.81921,0.0
2026-04-03 06:40:00,30.0,61.4,999.84827,0.0
2026-04-03 06:50:00,30.1,60.7,999.74487,0.0
2026-04-03 07:00:00,30.3,60.5,999.59888,0.0
2026-04-03 07:10:00,30.2,60.6,999.65033,0.0
2026-04-03 07:20:00,30.3,60.3,999.3847,0.0
2026-04-03 07:30:00,30.3,60.0,999.35126,0.0
2026-04-03 07:40:00,30.4,59.6,999.16797,0.0
2026-04-03 07:50:00,30.5,59.3,999.08954,0.0
2026-04-03 08:00:00,30.5,59.1,998.99689,0.0
2026-04-03 08:10:00,30.6,59.2,998.89954,0.0
2026-04-03 08:20:00,30.6,59.0,998.73419,0.0
2026-04-03 08:30:00,30.6,59.3,998.62622,0.0
2026-04-03 08:40:00,30.5,59.7,998.72229,0.0
2026-04-03 08:50:00,30.5,59.4,998.70013,0.0
2026-04-03 09:00:00,30.5,58.5,998.716,0.0
2026-04-03 09:10:00,30.5,58.6,998.45087,0.0
2026-04-03 09:20:00,30.5,58.7,998.47357,0.0
2026-04-03 09:30:00,30.6,57.9,998.70782,0.0
2026-04-03 09:40:00,30.6,57.7,998.74109,0.0
2026-04-03 09:50:00,30.6,57.1,998.64197,0.0
2026-04-03 10:00:00,30.6,56.5,998.96375,0.0
2026-04-03 10:10:00,30.5,56.0,999.06763,0.0
2026-04-03 10:20:00,30.5,57.2,999.20251,0.0
2026-04-03 10:30:00,30.5,58.4,999.20673,0.0
2026-04-03 10:40:00,30.5,59.4,999.32281,0.0
2026-04-03 10:50:00,30.4,60.4,999.31616,0.0
2026-04-03 11:00:00,30.4,61.2,999.60803,0.0
2026-04-03 11:10:00,30.4,61.8,999.76361,0.0
2026-04-03 11:20:00,30.4,62.9,999.90143,0.0
2026-04-03 11:30:00,30.3,63.4,1000.0257,0.0
2026-04-03 11:40:00,30.2,63.9,1000.11029,0.0
2026-04-03 11:50:00,30.2,64.6,1000.19867,0.0
2026-04-03 12:00:00,30.1,65.1,1000.32233,0.0
2026-04-03 12:10:00,30.0,65.7,1000.54938,0.0
2026-04-03 12:20:00,29.9,65.9,1000.50897,0.0
2026-04-03 12:30:00,29.9,66.2,1000.76819,0.0
2026-04-03 12:40:00,29.9,67.3,1000.89642,0.0
2026-04-03 12:50:00,29.6,68.7,1001.03674,0.0
2026-04-03 13:00:00,29.6,69.0,1001.18018,0.0
2026-04-03 13:10:00,29.6,69.4,1001.25342,0.0
2026-04-03 13:20:00,29.5,69.6,1001.28882,0.0
2026-04-03 13:30:00,29.5,69.7,1001.40979,0.0
2026-04-03 13:40:00,29.5,69.9,1001.55658,0.0
2026-04-03 13:50:00,29.4,70.3,1001.62421,0.0
2026-04-03 14:00:00,29.4,70.9,1001.78967,0.0
2026-04-03 14:10:00,29.5,70.8,1001.89148,0.0
2026-04-03 14:20:00,29.6,71.1,1001.90546,0.0
2026-04-03 14:30:00,29.7,70.8,1001.99451,0.0
2026-04-03 14:40:00,29.7,72.8,1002.01831,0.0
2026-04-03 14:50:00,29.6,71.8,1002.09937,0.0
2026-04-03 15:00:00,29.3,72.3,1002.07654,0.0
2026-04-03 15:10:00,29.4,72.5,1002.05353,0.0
2026-04-03 15:20:00,29.1,73.0,1002.06409,0.0
2026-04-03 15:30:00,29.2,72.6,1002.09924,0.0
2026-04-03 15:40:00,29.0,72.4,1002.12018,0.0
2026-04-03 15:50:00,28.9,72.7,1002.12341,0.0
2026-04-03 16:00:00,29.0,72.0,1002.08179,0.0
2026-04-03 16:10:00,28.9,71.9,1002.06622,0.0
2026-04-03 16:20:00,28.9,72.0,1001.91327,0.0
2026-04-03 16:30:00,28.8,72.1,1001.77594,0.0
2026-04-03 16:40:00,28.9,72.0,1001.6662,0.0
2026-04-03 16:50:00,28.8,72.1,1001.44995,0.0
2026-04-03 17:00:00,28.8,72.2,1001.21265,0.0
2026-04-03 17:10:00,28.8,72.3,1001.16577,0.0
2026-04-03 17:20:00,28.8,72.5,1001.08911,0.0
2026-04-03 17:30:00,28.7,72.5,1000.96008,0.0
2026-04-03 17:40:00,28.7,72.6,1000.92987,0.0
2026-04-03 17:50:00,28.6,72.7,1000.80347,0.0
2026-04-03 18:00:00,28.6,72.5,1000.73828,0.0
2026-04-03 18:10:00,28.6,72.7,1000.62549,0.0
2026-04-03 18:20:00,28.5,72.7,1000.40576,0.0
2026-04-03 18:30:00,28.5,72.7,1000.38159,0.0
2026-04-03 18:40:00,28.5,72.8,1000.29669,0.0
2026-04-03 18:50:00,28.5,73.1,1000.33624,0.0
2026-04-03 19:00:00,28.5,73.1,1000.31873,0.0
2026-04-03 19:10:00,28.5,73.2,1000.13818,0.0
2026-04-03 19:20:00,28.5,73.3,1000.0683,0.0
2026-04-03 19:30:00,28.4,73.5,999.99945,0.0
2026-04-03 19:40:00,28.4,73.7,999.87531,0.0
2026-04-03 19:50:00,28.4,73.8,999.92279,0.0
2026-04-03 20:00:00,28.4,73.8,999.89954,0.0
2026-04-03 20:10:00,28.4,74.2,999.94849,0.0
2026-04-03 20:20:00,28.3,74.3,999.96448,0.0
2026-04-03 20:30:00,28.3,74.4,999.93842,0.0
2026-04-03 20:40:00,28.3,74.5,999.90063,0.0
2026-04-03 20:50:00,28.3,74.7,999.87476,0.0
2026-04-03 21:00:00,28.3,74.6,999.84509,0.0
2026-04-03 21:10:00,28.3,74.7,999.93671,0.0
2026-04-03 21:20:00,28.3,74.9,999.99921,0.0
2026-04-03 21:30:00,28.3,74.9,1000.11139,0.0
2026-04-03 21:40:00,28.3,75.0,1000.10107,0.0
2026-04-03 21:50:00,28.3,75.2,1000.10828,0.0
2026-04-03 22:00:00,28.2,75.1,1000.20203,0.0
2026-04-03 22:10:00,28.2,75.2,1000.24884,0.0
2026-04-03 22:20:00,28.1,75.6,1000.34235,0.0
2026-04-03 22:30:00,28.2,75.7,1000.4483,0.0
2026-04-03 22:40:00,28.2,75.6,1000.52222,0.0
2026-04-03 22:50:00,28.2,75.6,1000.61237,0.0
2026-04-03 23:00:00,28.2,75.5,1000.67352,0.0
2026-04-03 23:10:00,28.3,75.6,1000.69653,0.0
2026-04-03 23:20:00,28.2,75.5,1000.76593,0.0
2026-04-03 23:30:00,28.1,75.5,1000.81451,0.0
2026-04-03 23:40:00,28.1,75.7,1000.88599,0.0
2026-04-03 23:50:00,28.2,75.7,1000.96643,0.0
2026-04-04 00:00:00,28.2,75.6,1001.06622,0.0
2026-04-04 00:10:00,28.2,75.8,1001.23444,0.0
2026-04-04 00:20:00,28.2,76.0,1001.37164,0.0
2026-04-04 00:30:00,28.2,76.0,1001.51892,0.0
2026-04-04 00:40:00,28.3,76.2,1001.6272,0.0
2026-04-04 00:50:00,28.3,76.2,1001.73608,0.0
2026-04-04 01:00:00,28.4,76.1,1001.8429,0.0
2026-04-04 01:10:00,28.5,75.3,1001.94763,0.0
2026-04-04 01:20:00,28.4,74.8,1002.03326,0.0
2026-04-04 01:30:00,28.5,74.4,1002.1261,0.0
2026-04-04 01:40:00,28.6,72.1,1002.27545,0.0
2026-04-04 01:50:00,28.7,72.7,1002.3454,0.0
2026-04-04 02:00:00,28.7,72.7,1002.37323,0.0
2026-04-04 02:10:00,28.7,71.7,1002.49463,0.0
2026-04-04 02:20:00,28.7,71.3,1002.47742,0.0
2026-04-04 02:30:00,28.7,71.0,1002.47937,0.0
2026-04-04 02:40:00,28.9,70.6,1002.44373,0.0
2026-04-04 02:50:00,29.1,69.7,1002.43109,0.0
2026-04-04 03:00:00,29.2,68.8,1002.36804,0.0
2026-04-04 03:10:00,29.2,70.8,1002.24878,0.0
2026-04-04 03:20:00,29.3,70.4,1002.21991,0.0
2026-04-04 03:30:00,29.4,69.4,1002.21893,0.0
2026-04-04 03:40:00,29.3,69.2,1002.08716,0.0
2026-04-04 03:50:00,29.4,68.5,1001.96796,0.0
2026-04-04 04:00:00,29.5,67.8,1001.8678,0.0
2026-04-04 04:10:00,29.5,65.9,1001.75391,0.0
2026-04-04 04:20:00,29.7,64.0,1001.50269,0.0
2026-04-04 04:30:00,29.7,63.5,1001.28455,0.0
2026-04-04 04:40:00,29.9,63.8,1001.16907,0.0
2026-04-04 04:50:00,30.0,64.4,1000.99811,0.0
2026-04-04 05:00:00,30.1,63.0,1000.71704,0.0
2026-04-04 05:10:00,30.2,59.8,1000.60315,0.0
2026-04-04 05:20:00,30.1,61.9,1000.36749,0.0
2026-04-04 05:30:00,30.1,62.5,1000.21338,0.0
2026-04-04 05:40:00,30.4,62.2,999.92413,0.0
2026-04-04 05:50:00,30.5,61.4,999.69171,0.0
2026-04-04 06:00:00,30.6,62.1,999.45795,0.0
2026-04-04 06:10:00,30.8,61.6,999.27045,0.0
2026-04-04 06:20:00,30.8,61.4,999.0025,0.0
2026-04-04 06:30:00,30.8,59.2,998.81128,0.0
2026-04-04 06:40:00,30.8,59.6,998.62939,0.0
2026-04-04 06:50:00,30.8,59.9,998.40515,0.0
2026-04-04 07:00:00,30.8,59.9,998.31396,0.0
2026-04-04 07:10:00,31.1,57.9,998.14209,0.0
2026-04-04 07:20:00,30.9,58.1,998.09711,0.0
2026-04-04 07:30:00,31.2,56.9,997.86853,0.0
2026-04-04 07:40:00,31.3,57.0,997.74219,0.0
2026-04-04 07:50:00,31.4,55.8,997.66779,0.0
2026-04-04 08:00:00,31.4,55.4,997.56104,0.0
2026-04-04 08:10:00,31.5,54.6,997.47968,0.0
2026-04-04 08:20:00,31.6,54.5,997.44666,0.0
2026-04-04 08:30:00,31.6,55.0,997.39923,0.0
2026-04-04 08:40:00,31.7,54.3,997.34515,0.0
2026-04-04 08:50:00,31.8,53.9,997.26373,0.0
2026-04-04 09:00:00,31.8,54.9,997.23749,0.0
2026-04-04 09:10:00,31.8,55.3,997.22156,0.0
2026-04-04 09:20:00,31.6,57.2,997.15283,0.0
2026-04-04 09:30:00,31.8,57.8,997.11188,0.0
2026-04-04 09:40:00,31.7,58.5,997.03394,0.0
2026-04-04 09:50:00,31.9,59.0,997.01868,0.0
2026-04-04 10:00:00,31.9,60.5,997.16595,0.0
2026-04-04 10:10:00,31.8,61.2,997.24139,0.0
2026-04-04 10:20:00,31.8,62.2,997.25525,0.0
2026-04-04 10:30:00,31.7,63.0,997.32373,0.0
2026-04-04 10:40:00,31.7,64.1,997.367,0.0
2026-04-04 10:50:00,31.6,63.8,997.46765,0.0
2026-04-04 11:00:00,31.6,64.9,997.5639,0.0
2026-04-04 11:10:00,31.7,65.4,997.56494,0.0
2026-04-04 11:20:00,31.5,67.0,997.60706,0.0
2026-04-04 11:30:00,31.4,67.5,997.86267,0.0
2026-04-04 11:40:00,31.4,68.3,997.84235,0.0
2026-04-04 11:50:00,31.2,68.0,997.85321,0.0
2026-04-04 12:00:00,31.2,68.0,997.94702,0.0
2026-04-04 12:10:00,31.1,68.5,998.08667,0.0
2026-04-04 12:20:00,31.0,69.2,998.19971,0.0
2026-04-04 12:30:00,31.0,70.3,998.43091,0.0
2026-04-04 12:40:00,31.1,71.1,998.60736,0.0
2026-04-04 12:50:00,31.0,70.0,998.79968,0.0
2026-04-04 13:00:00,31.2,69.6,998.91132,0.0
2026-04-04 13:10:00,31.0,69.7,999.0257,0.0
2026-04-04 13:20:00,31.0,70.2,999.12811,0.0
2026-04-04 13:30:00,30.9,71.1,999.32031,0.0
2026-04-04 13:40:00,31.0,70.4,999.35272,0.0
2026-04-04 13:50:00,30.9,70.5,999.60724,0.0
2026-04-04 14:00:00,30.9,70.4,999.62659,0.0
2026-04-04 14:10:00,30.9,70.8,999.67627,0.0
2026-04-04 14:20:00,30.9,70.8,999.7417,0.0
2026-04-04 14:30:00,31.1,70.2,999.81781,0.0
2026-04-04 14:40:00,31.1,70.0,999.96967,0.0
2026-04-04 14:50:00,31.0,69.1,1000.04327,0.0
2026-04-04 15:00:00,30.9,68.7,1000.04437,0.0
2026-04-04 15:10:00,30.9,68.8,1000.07623,0.0
2026-04-04 15:20:00,31.0,68.6,1000.05981,0.0
2026-04-04 15:30:00,30.9,68.9,1000.04736,0.0
2026-04-04 15:40:00,31.0,68.9,1000.01569,0.0
2026-04-04 15:50:00,30.8,69.3,999.99561,0.0
2026-04-04 16:00:00,30.8,69.4,999.9696,0.0
2026-04-04 16:10:00,31.0,69.4,1000.01984,0.0
2026-04-04 16:20:00,31.0,69.2,1000.04095,0.0
2026-04-04 16:30:00,31.1,69.0,1000.09717,0.0
2026-04-04 16:40:00,31.1,69.2,1000.01294,0.0
2026-04-04 16:50:00,31.1,69.2,999.88916,0.0
2026-04-04 17:00:00,30.9,69.7,999.8031,0.0
2026-04-04 17:10:00,30.9,69.3,999.67578,0.0
2026-04-04 17:20:00,30.8,69.6,999.63477,0.0
2026-04-04 17:30:00,30.7,70.2,999.63849,0.0
2026-04-04 17:40:00,30.7,70.7,999.53229,0.0
2026-04-04 17:50:00,30.7,71.0,999.45392,0.0
2026-04-04 18:00:00,30.6,71.2,999.32111,0.0
2026-04-04 18:10:00,30.6,71.4,999.25702,0.0
2026-04-04 18:20:00,30.5,71.7,999.10803,0.0
2026-04-04 18:30:00,30.4,72.3,998.95038,0.0
2026-04-04 18:40:00,30.4,72.5,998.88306,0.0
2026-04-04 18:50:00,30.4,72.6,998.82117,0.0
2026-04-04 19:00:00,30.5,72.5,998.69373,0.0
2026-04-04 19:10:00,30.4,72.5,998.57843,0.0
